{"cameraMode":{"drawMode":0,"name":"Shaded","section":"Shading Mode"},"sceneLighting":false,"audioPlay":false,"sceneViewState":{"m_AlwaysRefresh":false,"showFog":true,"showSkybox":false,"showFlares":true,"showImageEffects":true,"showParticleSystems":true,"showVisualEffectGraphs":true,"m_FxEnabled":true},"in2DMode":false,"pivot":{"x":66.86514282226563,"y":13.217430114746094,"z":7.534919261932373},"rotation":{"x":0.004188471008092165,"y":0.9943110346794128,"z":-0.0975644662976265,"w":0.04268324375152588},"size":17.533105850219728,"orthographic":false}